dataset,model,rmse,mae,r2,mape
consum_usa,XGBoost,345.1976357350534,252.56244827628882,0.9971721498404102,0.8113869254602039
consum_usa,RandomForest,494.751896397762,364.4828182554245,0.9941910758787497,1.1825484110543354
consum_usa,LinearRegression,514.8510325027087,382.72101250006233,0.9937095177021,1.222572636726739
consum_usa,XGBoost_tuned,877.7034407610122,684.7550707397419,0.9817183087443943,2.267710791980402
consum_usa,LSTM,11873.975052871503,11267.097976299894,-13.961892899221567,45.25133888012115
consum_usa,Prophet,3839830.092293777,3691335.7335511064,-349899.6780545672,12322.35940767874
