dataset,platform,model,rmse,mae,r2,mape
pret_spania,databricks,XGBoost_tuned_Optuna,2.0013392004917123,1.485085640128524,0.9695643212387913,2.484065838287392
pret_spania,databricks,RandomForest,2.132081830454328,1.5845488250465685,0.9654578531794172,2.6115466488781722
pret_spania,databricks,XGBoost,2.2382291456130425,1.7139871935742619,0.9619328221660652,2.826423142718297
pret_spania,databricks,Lasso,2.395007981837226,1.7013363230669787,0.9564131465994243,2.931524076932375
pret_spania,databricks,Ridge,2.625040830403019,2.045881330956521,0.9476383029887346,3.461775577305292
pret_spania,databricks,LinearRegression,2.6417572395955755,2.0652903442694837,0.9469692950847532,3.4889591100582344
pret_spania,databricks,LSTM,4.716024317444138,3.8814460839016336,0.8360713873792334,7.0739026477399936
