dataset,platform,model,rmse,mae,r2,mape
consum_usa,databricks,XGBoost_tuned,324.8914082828539,235.98017946042685,0.9974950606118734,0.7525227468089158
consum_usa,databricks,XGBoost,328.05064135436777,237.85331707051967,0.9974461078641642,0.7627492627619056
consum_usa,databricks,RandomForest,358.61068093801504,253.32183879743786,0.9969481217117767,0.813295146471378
consum_usa,databricks,LSTM,407.2194351403873,300.3355614020524,0.995808359326842,0.9801660071627111
consum_usa,databricks,LinearRegression,514.8328837274336,382.55019799805586,0.9937099611800391,1.2221935760863363
consum_usa,databricks,Prophet,7869.670262244435,6639.328291156931,-0.46971741493753605,21.113696074941924
